[
    {
        "SYSTEM_ID": "1001",
        "SYSTEM_NAME": "SAP Business Intelligence (BI)",
        "DESCRIPTION": "Tool for performing analytics and reporting.",
        "SYSTEM_GROUP": "1",
        "SYSTEM_GROUP_ID": "SAP",
        "DOCUMENT_STORAGE": "NA",
        "DOCUMENT_STORAGE_METHOD": "",
        "IS_CORE_TOOL": "FALSE",
        "Authentication": "Not Applicable",
        "Vendor": "Accenture",
        "SYSTEM_STATUS": "Decomissioned",
        "SYSTEM_TYPE": "COTS",
        "BUSINESS_UNIT": "Information Systems and Services",
        "SYSTEM_OWNER": "Mark Ingram",
        "CHAMPION": "Mike Hopkins",
        "ANNUAL_SPEND": "",
        "IMAGE_URL": "",
        "UPDATED_DATE": "",
        "CREATED_DATE": "",
        "REVIEW_STATUS": "COMPLETE"
    },
    {
        "SYSTEM_ID": "1002",
        "SYSTEM_NAME": "SAP ERP",
        "DESCRIPTION": "Legacy ERP for Finance and Asset management.",
        "SYSTEM_GROUP": "1",
        "SYSTEM_GROUP_ID": "SAP",
        "DOCUMENT_STORAGE": "NA",
        "DOCUMENT_STORAGE_METHOD": "",
        "IS_CORE_TOOL": "FALSE",
        "Authentication": "Not Applicable",
        "Vendor": "Accenture",
        "SYSTEM_STATUS": "Decomissioned",
        "SYSTEM_TYPE": "COTS",
        "BUSINESS_UNIT": "Information Systems and Services",
        "SYSTEM_OWNER": "Mark Ingram",
        "CHAMPION": "Mike Hopkins",
        "ANNUAL_SPEND": "",
        "IMAGE_URL": "",
        "UPDATED_DATE": "",
        "CREATED_DATE": "",
        "REVIEW_STATUS": "COMPLETE"
    },
    {
        "SYSTEM_ID": "1003",
        "SYSTEM_NAME": "SAP S4HANA",
        "DESCRIPTION": "ERP for Finance, Asset Management and Procurement.",
        "SYSTEM_GROUP": "1",
        "SYSTEM_GROUP_ID": "SAP",
        "DOCUMENT_STORAGE": "Internal CMS",
        "DOCUMENT_STORAGE_METHOD": "",
        "IS_CORE_TOOL": "FALSE",
        "Authentication": "Azure AD",
        "Vendor": "Accenture",
        "SYSTEM_STATUS": "ACTIVE",
        "SYSTEM_TYPE": "PaaS",
        "BUSINESS_UNIT": "Information Systems and Services",
        "SYSTEM_OWNER": "Mark Ingram",
        "CHAMPION": "Mike Hopkins",
        "ANNUAL_SPEND": "",
        "IMAGE_URL": "",
        "UPDATED_DATE": "",
        "CREATED_DATE": "",
        "REVIEW_STATUS": "COMPLETE"
    },
    {
        "SYSTEM_ID": "1004",
        "SYSTEM_NAME": "SAP BW4HANA",
        "DESCRIPTION": "SAP Data Warehouse & Reporting",
        "SYSTEM_GROUP": "1",
        "SYSTEM_GROUP_ID": "SAP",
        "DOCUMENT_STORAGE": "Internal CMS",
        "DOCUMENT_STORAGE_METHOD": "",
        "IS_CORE_TOOL": "FALSE",
        "Authentication": "Azure AD",
        "Vendor": "Accenture",
        "SYSTEM_STATUS": "Active",
        "SYSTEM_TYPE": "PaaS",
        "BUSINESS_UNIT": "Information Systems and Services",
        "SYSTEM_OWNER": "Mark Ingram",
        "CHAMPION": "Mike Hopkins",
        "ANNUAL_SPEND": "",
        "IMAGE_URL": "",
        "UPDATED_DATE": "",
        "CREATED_DATE": "",
        "REVIEW_STATUS": "COMPLETE"
    },
    {
        "SYSTEM_ID": "1005",
        "SYSTEM_NAME": "SAP SAC",
        "DESCRIPTION": "Tool for performing analytics and reporting.",
        "SYSTEM_GROUP": "1",
        "SYSTEM_GROUP_ID": "SAP",
        "DOCUMENT_STORAGE": "Internal CMS",
        "DOCUMENT_STORAGE_METHOD": "",
        "IS_CORE_TOOL": "FALSE",
        "Authentication": "Azure AD",
        "Vendor": "Accenture",
        "SYSTEM_STATUS": "Active",
        "SYSTEM_TYPE": "SaaS",
        "BUSINESS_UNIT": "Information Systems and Services",
        "SYSTEM_OWNER": "Mark Ingram",
        "CHAMPION": "Mike Hopkins",
        "ANNUAL_SPEND": "",
        "IMAGE_URL": "",
        "UPDATED_DATE": "",
        "CREATED_DATE": "",
        "REVIEW_STATUS": "COMPLETE"
    },
    {
        "SYSTEM_ID": "1006",
        "SYSTEM_NAME": "SAP ARIBA",
        "DESCRIPTION": "Catalogue of vendors and procurement options",
        "SYSTEM_GROUP": "1",
        "SYSTEM_GROUP_ID": "SAP",
        "DOCUMENT_STORAGE": "Internal CMS",
        "DOCUMENT_STORAGE_METHOD": "",
        "IS_CORE_TOOL": "FALSE",
        "Authentication": "Azure AD",
        "Vendor": "Accenture",
        "SYSTEM_STATUS": "Active",
        "SYSTEM_TYPE": "SaaS",
        "BUSINESS_UNIT": "Information Systems and Services",
        "SYSTEM_OWNER": "Mark Ingram",
        "CHAMPION": "Mike Hopkins",
        "ANNUAL_SPEND": "",
        "IMAGE_URL": "",
        "UPDATED_DATE": "",
        "CREATED_DATE": "",
        "REVIEW_STATUS": "COMPLETE"
    },
    {
        "SYSTEM_ID": "1007",
        "SYSTEM_NAME": "SAP BTP/CPI",
        "DESCRIPTION": "Integration Middleware",
        "SYSTEM_GROUP": "1",
        "SYSTEM_GROUP_ID": "SAP",
        "DOCUMENT_STORAGE": "Internal CMS",
        "DOCUMENT_STORAGE_METHOD": "",
        "IS_CORE_TOOL": "FALSE",
        "Authentication": "",
        "Vendor": "Accenture",
        "SYSTEM_STATUS": "Active",
        "SYSTEM_TYPE": "SaaS",
        "BUSINESS_UNIT": "Information Systems and Services",
        "SYSTEM_OWNER": "Mark Ingram",
        "CHAMPION": "Mike Hopkins",
        "ANNUAL_SPEND": "",
        "IMAGE_URL": "",
        "UPDATED_DATE": "",
        "CREATED_DATE": "",
        "REVIEW_STATUS": "COMPLETE"
    },
    {
        "SYSTEM_ID": "1008",
        "SYSTEM_NAME": "AboutUS",
        "DESCRIPTION": "Employee Self Service Portal",
        "SYSTEM_GROUP": "2",
        "SYSTEM_GROUP_ID": "HRIS",
        "DOCUMENT_STORAGE": "NA",
        "DOCUMENT_STORAGE_METHOD": "",
        "IS_CORE_TOOL": "FALSE",
        "Authentication": "ADFS",
        "Vendor": "Fusion5",
        "SYSTEM_STATUS": "Active",
        "SYSTEM_TYPE": "SaaS",
        "BUSINESS_UNIT": "People & Culture",
        "SYSTEM_OWNER": "Mark Ingram",
        "CHAMPION": "Steven Li",
        "ANNUAL_SPEND": "",
        "IMAGE_URL": "",
        "UPDATED_DATE": "",
        "CREATED_DATE": "",
        "REVIEW_STATUS": "COMPLETE"
    },
    {
        "SYSTEM_ID": "1009",
        "SYSTEM_NAME": "Electronic Time Recording System",
        "DESCRIPTION": "Legacy tool for time recording",
        "SYSTEM_GROUP": "2",
        "SYSTEM_GROUP_ID": "HRIS",
        "DOCUMENT_STORAGE": "NA",
        "DOCUMENT_STORAGE_METHOD": "",
        "IS_CORE_TOOL": "FALSE",
        "Authentication": "Not Applicable",
        "Vendor": "",
        "SYSTEM_STATUS": "Decomissioned",
        "SYSTEM_TYPE": "COTS",
        "BUSINESS_UNIT": "People & Culture",
        "SYSTEM_OWNER": "Mark Ingram",
        "CHAMPION": "Mick Tysoe",
        "ANNUAL_SPEND": "",
        "IMAGE_URL": "",
        "UPDATED_DATE": "",
        "CREATED_DATE": "",
        "REVIEW_STATUS": "COMPLETE"
    },
    {
        "SYSTEM_ID": "1010",
        "SYSTEM_NAME": "Jadestar",
        "DESCRIPTION": "HR and Payroll Team application",
        "SYSTEM_GROUP": "2",
        "SYSTEM_GROUP_ID": "HRIS",
        "DOCUMENT_STORAGE": "DocCM",
        "DOCUMENT_STORAGE_METHOD": "Manual",
        "IS_CORE_TOOL": "FALSE",
        "Authentication": "ADFS",
        "Vendor": "Fusion5",
        "SYSTEM_STATUS": "Active",
        "SYSTEM_TYPE": "COTS",
        "BUSINESS_UNIT": "People & Culture",
        "SYSTEM_OWNER": "Mark Ingram",
        "CHAMPION": "Vasili Rekatsinas",
        "ANNUAL_SPEND": "",
        "IMAGE_URL": "",
        "UPDATED_DATE": "",
        "CREATED_DATE": "",
        "REVIEW_STATUS": "COMPLETE"
    },
    {
        "SYSTEM_ID": "1011",
        "SYSTEM_NAME": "Springboard",
        "DESCRIPTION": "3rd Party Employee Recruitment tool for the hiring of staff",
        "SYSTEM_GROUP": "2",
        "SYSTEM_GROUP_ID": "HRIS",
        "DOCUMENT_STORAGE": "DocCM",
        "DOCUMENT_STORAGE_METHOD": "Manual",
        "IS_CORE_TOOL": "FALSE",
        "Authentication": "ADFS",
        "Vendor": "People Scout",
        "SYSTEM_STATUS": "Active",
        "SYSTEM_TYPE": "SaaS",
        "BUSINESS_UNIT": "People & Culture",
        "SYSTEM_OWNER": "Mark Ingram",
        "CHAMPION": "Vasili Rekatsinas",
        "ANNUAL_SPEND": "",
        "IMAGE_URL": "",
        "UPDATED_DATE": "",
        "CREATED_DATE": "",
        "REVIEW_STATUS": "COMPLETE"
    },
    {
        "SYSTEM_ID": "1012",
        "SYSTEM_NAME": "TimeFiler",
        "DESCRIPTION": "Time Recording and Leave management application",
        "SYSTEM_GROUP": "2",
        "SYSTEM_GROUP_ID": "HRIS",
        "DOCUMENT_STORAGE": "DocCM",
        "DOCUMENT_STORAGE_METHOD": "Manual",
        "IS_CORE_TOOL": "FALSE",
        "Authentication": "ADFS",
        "Vendor": "Fusion5",
        "SYSTEM_STATUS": "Active",
        "SYSTEM_TYPE": "SaaS",
        "BUSINESS_UNIT": "People & Culture",
        "SYSTEM_OWNER": "Mark Ingram",
        "CHAMPION": "Vasili Rekatsinas",
        "ANNUAL_SPEND": "",
        "IMAGE_URL": "",
        "UPDATED_DATE": "",
        "CREATED_DATE": "",
        "REVIEW_STATUS": "COMPLETE"
    },
    {
        "SYSTEM_ID": "1013",
        "SYSTEM_NAME": "DOCLearn",
        "DESCRIPTION": "Learning Management System",
        "SYSTEM_GROUP": "2",
        "SYSTEM_GROUP_ID": "HRIS",
        "DOCUMENT_STORAGE": "DocCM",
        "DOCUMENT_STORAGE_METHOD": "Manual",
        "IS_CORE_TOOL": "FALSE",
        "Authentication": "ADFS",
        "Vendor": "Fusion5",
        "SYSTEM_STATUS": "Active",
        "SYSTEM_TYPE": "SaaS",
        "BUSINESS_UNIT": "People & Culture",
        "SYSTEM_OWNER": "Mark Ingram",
        "CHAMPION": "Nicky Vella",
        "ANNUAL_SPEND": "",
        "IMAGE_URL": "",
        "UPDATED_DATE": "",
        "CREATED_DATE": "",
        "REVIEW_STATUS": "COMPLETE"
    },
    {
        "SYSTEM_ID": "",
        "SYSTEM_NAME": "",
        "DESCRIPTION": "",
        "SYSTEM_GROUP": "",
        "SYSTEM_GROUP_ID": "",
        "DOCUMENT_STORAGE": "",
        "DOCUMENT_STORAGE_METHOD": "",
        "IS_CORE_TOOL": "",
        "Authentication": "",
        "Vendor": "",
        "SYSTEM_STATUS": "",
        "SYSTEM_TYPE": "",
        "BUSINESS_UNIT": "",
        "SYSTEM_OWNER": "",
        "CHAMPION": "",
        "ANNUAL_SPEND": "",
        "IMAGE_URL": "",
        "UPDATED_DATE": "",
        "CREATED_DATE": "",
        "REVIEW_STATUS": ""
    },
    {
        "SYSTEM_ID": "1015",
        "SYSTEM_NAME": "Blueworx",
        "DESCRIPTION": "MyPM - Mobile Self Service for Rangers to record work",
        "SYSTEM_GROUP": "1",
        "SYSTEM_GROUP_ID": "SAP",
        "DOCUMENT_STORAGE": "Internal CMS",
        "DOCUMENT_STORAGE_METHOD": "",
        "IS_CORE_TOOL": "FALSE",
        "Authentication": "Azure AD",
        "Vendor": "Accenture",
        "SYSTEM_STATUS": "Active",
        "SYSTEM_TYPE": "SaaS",
        "BUSINESS_UNIT": "Information Systems and Services",
        "SYSTEM_OWNER": "Mark Ingram",
        "CHAMPION": "Mike Hopkins",
        "ANNUAL_SPEND": "",
        "IMAGE_URL": "",
        "UPDATED_DATE": "",
        "CREATED_DATE": "",
        "REVIEW_STATUS": "COMPLETE"
    },
    {
        "SYSTEM_ID": "1016",
        "SYSTEM_NAME": "DocFlow",
        "DESCRIPTION": "Workflow platform that supports Citizen and DocFlow CLE",
        "SYSTEM_GROUP": "4",
        "SYSTEM_GROUP_ID": "DocFlow",
        "DOCUMENT_STORAGE": "DocCM",
        "DOCUMENT_STORAGE_METHOD": "Automatic",
        "IS_CORE_TOOL": "FALSE",
        "Authentication": "Azure AD",
        "Vendor": "Objective",
        "SYSTEM_STATUS": "Active",
        "SYSTEM_TYPE": "SaaS",
        "BUSINESS_UNIT": "Regulatory Compliance",
        "SYSTEM_OWNER": "Mark Ingram",
        "CHAMPION": "Jonathan Bull",
        "ANNUAL_SPEND": "",
        "IMAGE_URL": "",
        "UPDATED_DATE": "",
        "CREATED_DATE": "",
        "REVIEW_STATUS": "COMPLETE"
    },
    {
        "SYSTEM_ID": "1017",
        "SYSTEM_NAME": "Jobs for Nature",
        "DESCRIPTION": "SaaS product used for grants management",
        "SYSTEM_GROUP": "5",
        "SYSTEM_GROUP_ID": "J4N",
        "DOCUMENT_STORAGE": "DocCM",
        "DOCUMENT_STORAGE_METHOD": "Manual",
        "IS_CORE_TOOL": "FALSE",
        "Authentication": "Real Me / Azure AD",
        "Vendor": "Enquire",
        "SYSTEM_STATUS": "Active",
        "SYSTEM_TYPE": "SaaS",
        "BUSINESS_UNIT": "Jobs for Nature",
        "SYSTEM_OWNER": "Mark Ingram",
        "CHAMPION": "Peter Cooper",
        "ANNUAL_SPEND": "",
        "IMAGE_URL": "",
        "UPDATED_DATE": "",
        "CREATED_DATE": "",
        "REVIEW_STATUS": "COMPLETE"
    },
    {
        "SYSTEM_ID": "1018",
        "SYSTEM_NAME": "Keyplan - Mgmt. Planning",
        "DESCRIPTION": "Tool used for Statutory management consultation.",
        "SYSTEM_GROUP": "6",
        "SYSTEM_GROUP_ID": "Objective Keyplan",
        "DOCUMENT_STORAGE": "DocCM",
        "DOCUMENT_STORAGE_METHOD": "Manual",
        "IS_CORE_TOOL": "FALSE",
        "Authentication": "Azure AD",
        "Vendor": "Objective",
        "SYSTEM_STATUS": "Active",
        "SYSTEM_TYPE": "SaaS",
        "BUSINESS_UNIT": "Statutory Planning",
        "SYSTEM_OWNER": "Mark Ingram",
        "CHAMPION": "Raynamarie Chan",
        "ANNUAL_SPEND": "",
        "IMAGE_URL": "",
        "UPDATED_DATE": "",
        "CREATED_DATE": "",
        "REVIEW_STATUS": "COMPLETE"
    },
    {
        "SYSTEM_ID": "1019",
        "SYSTEM_NAME": "Booking Services",
        "DESCRIPTION": "Internet facting portal for booking huts, camps and great walks",
        "SYSTEM_GROUP": "7",
        "SYSTEM_GROUP_ID": "Booking Service",
        "DOCUMENT_STORAGE": "",
        "DOCUMENT_STORAGE_METHOD": "",
        "IS_CORE_TOOL": "FALSE",
        "Authentication": "",
        "Vendor": "",
        "SYSTEM_STATUS": "",
        "SYSTEM_TYPE": "",
        "BUSINESS_UNIT": "",
        "SYSTEM_OWNER": "Mark Ingram",
        "CHAMPION": "Cameron Hayland",
        "ANNUAL_SPEND": "",
        "IMAGE_URL": "",
        "UPDATED_DATE": "",
        "CREATED_DATE": "",
        "REVIEW_STATUS": "COMPLETE"
    },
    {
        "SYSTEM_ID": "1020",
        "SYSTEM_NAME": "",
        "DESCRIPTION": "",
        "SYSTEM_GROUP": "",
        "SYSTEM_GROUP_ID": "",
        "DOCUMENT_STORAGE": "",
        "DOCUMENT_STORAGE_METHOD": "",
        "IS_CORE_TOOL": "FALSE",
        "Authentication": "",
        "Vendor": "",
        "SYSTEM_STATUS": "",
        "SYSTEM_TYPE": "",
        "BUSINESS_UNIT": "",
        "SYSTEM_OWNER": "",
        "CHAMPION": "",
        "ANNUAL_SPEND": "",
        "IMAGE_URL": "",
        "UPDATED_DATE": "",
        "CREATED_DATE": "",
        "REVIEW_STATUS": "Not Started"
    },
    {
        "SYSTEM_ID": "1021",
        "SYSTEM_NAME": "Counter Data System",
        "DESCRIPTION": "Counter data is downloaded via bluettoth and synced back into SAP S/4 HANA using the DOC Counter App on Blueworx.",
        "SYSTEM_GROUP": "1",
        "SYSTEM_GROUP_ID": "CDAS",
        "DOCUMENT_STORAGE": "NA",
        "DOCUMENT_STORAGE_METHOD": "",
        "IS_CORE_TOOL": "FALSE",
        "Authentication": "Azure AD",
        "Vendor": "Accenture",
        "SYSTEM_STATUS": "Active",
        "SYSTEM_TYPE": "Mobility",
        "BUSINESS_UNIT": "V&H Monitoring & Reporting",
        "SYSTEM_OWNER": "Mark Ingram",
        "CHAMPION": "Jason Mackiewicz",
        "ANNUAL_SPEND": "",
        "IMAGE_URL": "",
        "UPDATED_DATE": "",
        "CREATED_DATE": "",
        "REVIEW_STATUS": "Not Started"
    },
    {
        "SYSTEM_ID": "1022",
        "SYSTEM_NAME": "Risk Manager",
        "DESCRIPTION": "Risk Manager application for health & safety",
        "SYSTEM_GROUP": "13",
        "SYSTEM_GROUP_ID": "Risk Manager",
        "DOCUMENT_STORAGE": "NA",
        "DOCUMENT_STORAGE_METHOD": "",
        "IS_CORE_TOOL": "FALSE",
        "Authentication": "Azure AD / Basic ",
        "Vendor": "IMPAC",
        "SYSTEM_STATUS": "Active",
        "SYSTEM_TYPE": "SaaS",
        "BUSINESS_UNIT": "Health & Safety",
        "SYSTEM_OWNER": "Mark Ingram",
        "CHAMPION": "Pam McDonald",
        "ANNUAL_SPEND": "",
        "IMAGE_URL": "",
        "UPDATED_DATE": "",
        "CREATED_DATE": "",
        "REVIEW_STATUS": "Not Started"
    },
    {
        "SYSTEM_ID": "1023",
        "SYSTEM_NAME": "ServiceNow",
        "DESCRIPTION": "Enterprise service request and workflow application",
        "SYSTEM_GROUP": "13",
        "SYSTEM_GROUP_ID": "ServiceNow",
        "DOCUMENT_STORAGE": "",
        "DOCUMENT_STORAGE_METHOD": "",
        "IS_CORE_TOOL": "",
        "Authentication": "",
        "Vendor": "",
        "SYSTEM_STATUS": "Future State",
        "SYSTEM_TYPE": "",
        "BUSINESS_UNIT": "",
        "SYSTEM_OWNER": "",
        "CHAMPION": "",
        "ANNUAL_SPEND": "",
        "IMAGE_URL": "",
        "UPDATED_DATE": "",
        "CREATED_DATE": "",
        "REVIEW_STATUS": "Not Started"
    },
    {
        "SYSTEM_ID": "1024",
        "SYSTEM_NAME": "DOC Intranet",
        "DESCRIPTION": "",
        "SYSTEM_GROUP": "14",
        "SYSTEM_GROUP_ID": "DOC Intranet",
        "DOCUMENT_STORAGE": "",
        "DOCUMENT_STORAGE_METHOD": "",
        "IS_CORE_TOOL": "",
        "Authentication": "",
        "Vendor": "",
        "SYSTEM_STATUS": "",
        "SYSTEM_TYPE": "",
        "BUSINESS_UNIT": "",
        "SYSTEM_OWNER": "",
        "CHAMPION": "",
        "ANNUAL_SPEND": "",
        "IMAGE_URL": "",
        "UPDATED_DATE": "",
        "CREATED_DATE": "",
        "REVIEW_STATUS": ""
    },
    {
        "SYSTEM_ID": "1025",
        "SYSTEM_NAME": "Assyst",
        "DESCRIPTION": "Legacy service request application",
        "SYSTEM_GROUP": "15",
        "SYSTEM_GROUP_ID": "Assyst",
        "DOCUMENT_STORAGE": "DocCM",
        "DOCUMENT_STORAGE_METHOD": "Manual",
        "IS_CORE_TOOL": "",
        "Authentication": "",
        "Vendor": "",
        "SYSTEM_STATUS": "",
        "SYSTEM_TYPE": "",
        "BUSINESS_UNIT": "",
        "SYSTEM_OWNER": "",
        "CHAMPION": "",
        "ANNUAL_SPEND": "",
        "IMAGE_URL": "",
        "UPDATED_DATE": "",
        "CREATED_DATE": "",
        "REVIEW_STATUS": ""
    },
    {
        "SYSTEM_ID": "1026",
        "SYSTEM_NAME": "CommonDB",
        "DESCRIPTION": "Utility database for staging and holding legacy key information",
        "SYSTEM_GROUP": "16",
        "SYSTEM_GROUP_ID": "CommonDB",
        "DOCUMENT_STORAGE": "",
        "DOCUMENT_STORAGE_METHOD": "",
        "IS_CORE_TOOL": "",
        "Authentication": "",
        "Vendor": "",
        "SYSTEM_STATUS": "",
        "SYSTEM_TYPE": "",
        "BUSINESS_UNIT": "",
        "SYSTEM_OWNER": "",
        "CHAMPION": "",
        "ANNUAL_SPEND": "",
        "IMAGE_URL": "",
        "UPDATED_DATE": "",
        "CREATED_DATE": "",
        "REVIEW_STATUS": ""
    },
    {
        "SYSTEM_ID": "1027",
        "SYSTEM_NAME": "CLE Mobile",
        "DESCRIPTION": "Mobility solution for supervisors to record & issue infringements.",
        "SYSTEM_GROUP": "4",
        "SYSTEM_GROUP_ID": "DocFlow",
        "DOCUMENT_STORAGE": "DocCM",
        "DOCUMENT_STORAGE_METHOD": "Automatic",
        "IS_CORE_TOOL": "FALSE",
        "Authentication": "Azure AD",
        "Vendor": "Objective",
        "SYSTEM_STATUS": "Active",
        "SYSTEM_TYPE": "Mobility",
        "BUSINESS_UNIT": "Regulatory Compliance",
        "SYSTEM_OWNER": "Mark Ingram",
        "CHAMPION": "Peter Cooper",
        "ANNUAL_SPEND": "",
        "IMAGE_URL": "",
        "UPDATED_DATE": "",
        "CREATED_DATE": "",
        "REVIEW_STATUS": "Complete"
    },
    {
        "SYSTEM_ID": "1028",
        "SYSTEM_NAME": "MyCLE",
        "DESCRIPTION": "Myobility solution for rangers to notify infringements via Blueeworx/Neptune.",
        "SYSTEM_GROUP": "4",
        "SYSTEM_GROUP_ID": "DocFlow",
        "DOCUMENT_STORAGE": "DocCM",
        "DOCUMENT_STORAGE_METHOD": "Automatic",
        "IS_CORE_TOOL": "FALSE",
        "Authentication": "Azure AD",
        "Vendor": "Accenture",
        "SYSTEM_STATUS": "Active",
        "SYSTEM_TYPE": "Mobility",
        "BUSINESS_UNIT": "Regulatory Compliance",
        "SYSTEM_OWNER": "Mark Ingram",
        "CHAMPION": "Ben Goggins",
        "ANNUAL_SPEND": "",
        "IMAGE_URL": "",
        "UPDATED_DATE": "",
        "CREATED_DATE": "",
        "REVIEW_STATUS": "Complete"
    },
    {
        "SYSTEM_ID": "2000",
        "SYSTEM_NAME": "Snowflake",
        "DESCRIPTION": "Enterprise Data Warehouse",
        "SYSTEM_GROUP": "10",
        "SYSTEM_GROUP_ID": "Enterprise Capability",
        "DOCUMENT_STORAGE": "NA",
        "DOCUMENT_STORAGE_METHOD": "",
        "IS_CORE_TOOL": "TRUE",
        "Authentication": "Azure AD",
        "Vendor": "Snowflake",
        "SYSTEM_STATUS": "Active",
        "SYSTEM_TYPE": "SaaS",
        "BUSINESS_UNIT": "Data Insights & Information",
        "SYSTEM_OWNER": "Nadia Webster",
        "CHAMPION": "Shaun Nicholson",
        "ANNUAL_SPEND": "",
        "IMAGE_URL": "",
        "UPDATED_DATE": "",
        "CREATED_DATE": "",
        "REVIEW_STATUS": "Not Started"
    },
    {
        "SYSTEM_ID": "2001",
        "SYSTEM_NAME": "ESRI",
        "DESCRIPTION": "Enterprise GIS Application",
        "SYSTEM_GROUP": "11",
        "SYSTEM_GROUP_ID": "Enterprise Capability",
        "DOCUMENT_STORAGE": "NA",
        "DOCUMENT_STORAGE_METHOD": "",
        "IS_CORE_TOOL": "TRUE",
        "Authentication": "Azure AD",
        "Vendor": "ESRI",
        "SYSTEM_STATUS": "Active",
        "SYSTEM_TYPE": "SaaS",
        "BUSINESS_UNIT": "Geospatial Services",
        "SYSTEM_OWNER": "Manu King",
        "CHAMPION": "James Kinny",
        "ANNUAL_SPEND": "",
        "IMAGE_URL": "",
        "UPDATED_DATE": "",
        "CREATED_DATE": "",
        "REVIEW_STATUS": "Not Started"
    },
    {
        "SYSTEM_ID": "2002",
        "SYSTEM_NAME": "Active Directory",
        "DESCRIPTION": "Domain Services & Authentication",
        "SYSTEM_GROUP": "12",
        "SYSTEM_GROUP_ID": "Enterprise Capability",
        "DOCUMENT_STORAGE": "NA",
        "DOCUMENT_STORAGE_METHOD": "",
        "IS_CORE_TOOL": "TRUE",
        "Authentication": "AD",
        "Vendor": "Microsoft",
        "SYSTEM_STATUS": "Active",
        "SYSTEM_TYPE": "On-Prem",
        "BUSINESS_UNIT": "Technology Operations",
        "SYSTEM_OWNER": "Aaron Evans",
        "CHAMPION": "Cameron Dawson",
        "ANNUAL_SPEND": "",
        "IMAGE_URL": "",
        "UPDATED_DATE": "",
        "CREATED_DATE": "",
        "REVIEW_STATUS": "Not Started"
    },
    {
        "SYSTEM_ID": "2003",
        "SYSTEM_NAME": "Entra ID",
        "DESCRIPTION": "Cloud based domain service, Authentication & Authorisation",
        "SYSTEM_GROUP": "12",
        "SYSTEM_GROUP_ID": "Enterprise Capability",
        "DOCUMENT_STORAGE": "NA",
        "DOCUMENT_STORAGE_METHOD": "",
        "IS_CORE_TOOL": "TRUE",
        "Authentication": "Azure AD",
        "Vendor": "Microsoft",
        "SYSTEM_STATUS": "Active",
        "SYSTEM_TYPE": "SaaS",
        "BUSINESS_UNIT": "Technology Operations",
        "SYSTEM_OWNER": "Aaron Evans",
        "CHAMPION": "Cameron Dawson",
        "ANNUAL_SPEND": "",
        "IMAGE_URL": "",
        "UPDATED_DATE": "",
        "CREATED_DATE": "",
        "REVIEW_STATUS": "Not Started"
    },
    {
        "SYSTEM_ID": "2004",
        "SYSTEM_NAME": "DocCM",
        "DESCRIPTION": "Enterprise document management system",
        "SYSTEM_GROUP": "12",
        "SYSTEM_GROUP_ID": "Enterprise Capability",
        "DOCUMENT_STORAGE": "NA",
        "DOCUMENT_STORAGE_METHOD": "",
        "IS_CORE_TOOL": "TRUE",
        "Authentication": "Azure AD",
        "Vendor": "Team IM",
        "SYSTEM_STATUS": "Active",
        "SYSTEM_TYPE": "SaaS",
        "BUSINESS_UNIT": "Information Services",
        "SYSTEM_OWNER": "Nadia Webster",
        "CHAMPION": "Judit Farquhar-Nadasi",
        "ANNUAL_SPEND": "",
        "IMAGE_URL": "",
        "UPDATED_DATE": "",
        "CREATED_DATE": "",
        "REVIEW_STATUS": "Not Started"
    },
    {
        "SYSTEM_ID": "2005",
        "SYSTEM_NAME": "ARIS",
        "DESCRIPTION": "Business Process Management",
        "SYSTEM_GROUP": "3",
        "SYSTEM_GROUP_ID": "ARIS",
        "DOCUMENT_STORAGE": "DocCM",
        "DOCUMENT_STORAGE_METHOD": "Manual",
        "IS_CORE_TOOL": "FALSE",
        "Authentication": "Azure AD",
        "Vendor": "Sofware AG",
        "SYSTEM_STATUS": "Active",
        "SYSTEM_TYPE": "SaaS",
        "BUSINESS_UNIT": "Information Systems and Services",
        "SYSTEM_OWNER": "Mark Ingram",
        "CHAMPION": "Jonathan Bull",
        "ANNUAL_SPEND": "",
        "IMAGE_URL": "",
        "UPDATED_DATE": "",
        "CREATED_DATE": "",
        "REVIEW_STATUS": "COMPLETE"
    }
]