[
    {
        "INTEGRATION_ID": "10041",
        "SYSTEM_ID": "1004",
        "SYSTEM_NAME": "SAP BW4HANA",
        "DIRECTION": "Outbound",
        "IS_EXTERNAL_INTEGRATION": "FALSE",
        "INTEGRATION_TYPE": "ETL (FME)",
        "FROM_SYSTEM_ID": "1004",
        "FROM_SYSTEM_DESCRIPTION": "SAP BW4HANA",
        "TO_SYSTEM_ID": "2000",
        "TO_SYSTEM_DESCRIPTION": "Snowflake",
        "INTEGRATION_SUMMARY": "Counter Data ingestion",
        "IS_PAYMENT_GATEWAY": "",
        "CREATED_DATE": "",
        "UPDATED_DATE": ""
    },
    {
        "INTEGRATION_ID": "10042",
        "SYSTEM_ID": "1004",
        "SYSTEM_NAME": "SAP BW4HANA",
        "DIRECTION": "Inbound",
        "IS_EXTERNAL_INTEGRATION": "FALSE",
        "INTEGRATION_TYPE": "API",
        "FROM_SYSTEM_ID": "2001",
        "FROM_SYSTEM_DESCRIPTION": "ESRI",
        "TO_SYSTEM_ID": "1004",
        "TO_SYSTEM_DESCRIPTION": "SAP BW4HANA",
        "INTEGRATION_SUMMARY": "NFPL Flattened outputs for SAC",
        "IS_PAYMENT_GATEWAY": "",
        "CREATED_DATE": "",
        "UPDATED_DATE": ""
    },
    {
        "INTEGRATION_ID": "10031",
        "SYSTEM_ID": "1003",
        "SYSTEM_NAME": "SAP S4HANA",
        "DIRECTION": "Inbound",
        "IS_EXTERNAL_INTEGRATION": "FALSE",
        "INTEGRATION_TYPE": "SFTP Feed",
        "FROM_SYSTEM_ID": "1010",
        "FROM_SYSTEM_DESCRIPTION": "Jadestar",
        "TO_SYSTEM_ID": "1003",
        "TO_SYSTEM_DESCRIPTION": "SAP S4HANA",
        "INTEGRATION_SUMMARY": "Employee details, Org structure & Payroll Journal",
        "IS_PAYMENT_GATEWAY": "",
        "CREATED_DATE": "",
        "UPDATED_DATE": ""
    },
    {
        "INTEGRATION_ID": "10032",
        "SYSTEM_ID": "1003",
        "SYSTEM_NAME": "SAP S4HANA",
        "DIRECTION": "Outbound",
        "IS_EXTERNAL_INTEGRATION": "FALSE",
        "INTEGRATION_TYPE": "SFTP Feed",
        "FROM_SYSTEM_ID": "1003",
        "FROM_SYSTEM_DESCRIPTION": "SAP S4HANA",
        "TO_SYSTEM_ID": "1010",
        "TO_SYSTEM_DESCRIPTION": "Jadestar",
        "INTEGRATION_SUMMARY": "Cost Center & WBS ingestion",
        "IS_PAYMENT_GATEWAY": "",
        "CREATED_DATE": "",
        "UPDATED_DATE": ""
    },
    {
        "INTEGRATION_ID": "10033",
        "SYSTEM_ID": "1003",
        "SYSTEM_NAME": "SAP S4HANA",
        "DIRECTION": "Inbound",
        "IS_EXTERNAL_INTEGRATION": "FALSE",
        "INTEGRATION_TYPE": "API",
        "FROM_SYSTEM_ID": "1014",
        "FROM_SYSTEM_DESCRIPTION": "ARIS",
        "TO_SYSTEM_ID": "1003",
        "TO_SYSTEM_DESCRIPTION": "SAP S4HANA",
        "INTEGRATION_SUMMARY": "Push Business Process into SAP Solman",
        "IS_PAYMENT_GATEWAY": "",
        "CREATED_DATE": "",
        "UPDATED_DATE": ""
    },
    {
        "INTEGRATION_ID": "10034",
        "SYSTEM_ID": "1003",
        "SYSTEM_NAME": "SAP S4HANA",
        "DIRECTION": "Outbound",
        "IS_EXTERNAL_INTEGRATION": "FALSE",
        "INTEGRATION_TYPE": "API",
        "FROM_SYSTEM_ID": "1003",
        "FROM_SYSTEM_DESCRIPTION": "SAP S4HANA",
        "TO_SYSTEM_ID": "1014",
        "TO_SYSTEM_DESCRIPTION": "ARIS",
        "INTEGRATION_SUMMARY": "Download process steps and bestp practise from SAP Solman",
        "IS_PAYMENT_GATEWAY": "",
        "CREATED_DATE": "",
        "UPDATED_DATE": ""
    },
    {
        "INTEGRATION_ID": "10035",
        "SYSTEM_ID": "1003",
        "SYSTEM_NAME": "SAP S4HANA",
        "DIRECTION": "Inbound",
        "IS_EXTERNAL_INTEGRATION": "FALSE",
        "INTEGRATION_TYPE": "SFTP Feed",
        "FROM_SYSTEM_ID": "1019",
        "FROM_SYSTEM_DESCRIPTION": "Booking Services",
        "TO_SYSTEM_ID": "1003",
        "TO_SYSTEM_DESCRIPTION": "SAP S4HANA",
        "INTEGRATION_SUMMARY": "Occupancy & Revenue for Finance",
        "IS_PAYMENT_GATEWAY": "",
        "CREATED_DATE": "",
        "UPDATED_DATE": ""
    },
    {
        "INTEGRATION_ID": "10036",
        "SYSTEM_ID": "1003",
        "SYSTEM_NAME": "SAP S4HANA",
        "DIRECTION": "Inbound",
        "IS_EXTERNAL_INTEGRATION": "FALSE",
        "INTEGRATION_TYPE": "API",
        "FROM_SYSTEM_ID": "1013",
        "FROM_SYSTEM_DESCRIPTION": "DOCLearn",
        "TO_SYSTEM_ID": "1003",
        "TO_SYSTEM_DESCRIPTION": "SAP S4HANA",
        "INTEGRATION_SUMMARY": "Skills & Qualification",
        "IS_PAYMENT_GATEWAY": "",
        "CREATED_DATE": "",
        "UPDATED_DATE": ""
    },
    {
        "INTEGRATION_ID": "10037",
        "SYSTEM_ID": "1003",
        "SYSTEM_NAME": "SAP S4HANA",
        "DIRECTION": "Inbound",
        "IS_EXTERNAL_INTEGRATION": "FALSE",
        "INTEGRATION_TYPE": "Blutooth",
        "FROM_SYSTEM_ID": "1021",
        "FROM_SYSTEM_DESCRIPTION": "Counter Data",
        "TO_SYSTEM_ID": "1003",
        "TO_SYSTEM_DESCRIPTION": "SAP S4HANA",
        "INTEGRATION_SUMMARY": "Bluetooth download of counter data into EAM",
        "IS_PAYMENT_GATEWAY": "",
        "CREATED_DATE": "",
        "UPDATED_DATE": ""
    },
    {
        "INTEGRATION_ID": "10038",
        "SYSTEM_ID": "1003",
        "SYSTEM_NAME": "SAP S4HANA",
        "DIRECTION": "Inbound",
        "IS_EXTERNAL_INTEGRATION": "FALSE",
        "INTEGRATION_TYPE": "API",
        "FROM_SYSTEM_ID": "2001",
        "FROM_SYSTEM_DESCRIPTION": "ESRI",
        "TO_SYSTEM_ID": "1003",
        "TO_SYSTEM_DESCRIPTION": "SAP S4HANA",
        "INTEGRATION_SUMMARY": "GEF Feature layers for EAM",
        "IS_PAYMENT_GATEWAY": "",
        "CREATED_DATE": "",
        "UPDATED_DATE": ""
    },
    {
        "INTEGRATION_ID": "10039",
        "SYSTEM_ID": "1003",
        "SYSTEM_NAME": "SAP S4HANA",
        "DIRECTION": "Inbound",
        "IS_EXTERNAL_INTEGRATION": "TRUE",
        "INTEGRATION_TYPE": "SFTP Feed",
        "FROM_SYSTEM_ID": "EXT",
        "FROM_SYSTEM_DESCRIPTION": "Westpac Bank",
        "TO_SYSTEM_ID": "1003",
        "TO_SYSTEM_DESCRIPTION": "SAP S4HANA",
        "INTEGRATION_SUMMARY": "Payment File (Not employee payments)",
        "IS_PAYMENT_GATEWAY": "",
        "CREATED_DATE": "",
        "UPDATED_DATE": ""
    },
    {
        "INTEGRATION_ID": "10040",
        "SYSTEM_ID": "1003",
        "SYSTEM_NAME": "SAP S4HANA",
        "DIRECTION": "Outbound",
        "IS_EXTERNAL_INTEGRATION": "TRUE",
        "INTEGRATION_TYPE": "SFTP Feed",
        "FROM_SYSTEM_ID": "EXT",
        "FROM_SYSTEM_DESCRIPTION": "SAP S4HANA",
        "TO_SYSTEM_ID": "EXT",
        "TO_SYSTEM_DESCRIPTION": "Westpac Bank",
        "INTEGRATION_SUMMARY": "Payment acknowledgement file an Daily statements file",
        "IS_PAYMENT_GATEWAY": "",
        "CREATED_DATE": "",
        "UPDATED_DATE": ""
    },
    {
        "INTEGRATION_ID": "10041",
        "SYSTEM_ID": "1003",
        "SYSTEM_NAME": "SAP S4HANA",
        "DIRECTION": "Inbound",
        "IS_EXTERNAL_INTEGRATION": "TRUE",
        "INTEGRATION_TYPE": "API",
        "FROM_SYSTEM_ID": "EXT",
        "FROM_SYSTEM_DESCRIPTION": "NIWA",
        "TO_SYSTEM_ID": "1003",
        "TO_SYSTEM_DESCRIPTION": "SAP S4HANA",
        "INTEGRATION_SUMMARY": "Fish Passage Assessment feature layer",
        "IS_PAYMENT_GATEWAY": "",
        "CREATED_DATE": "",
        "UPDATED_DATE": ""
    },
    {
        "INTEGRATION_ID": "10101",
        "SYSTEM_ID": "1010",
        "SYSTEM_NAME": "Jadestar",
        "DIRECTION": "Outbound",
        "IS_EXTERNAL_INTEGRATION": "FALSE",
        "INTEGRATION_TYPE": "ETL (FME)",
        "FROM_SYSTEM_ID": "1010",
        "FROM_SYSTEM_DESCRIPTION": "Jadestar",
        "TO_SYSTEM_ID": "2000",
        "TO_SYSTEM_DESCRIPTION": "Snowflake",
        "INTEGRATION_SUMMARY": "Empoyee details and leave balances",
        "IS_PAYMENT_GATEWAY": "",
        "CREATED_DATE": "",
        "UPDATED_DATE": ""
    },
    {
        "INTEGRATION_ID": "10102",
        "SYSTEM_ID": "1010",
        "SYSTEM_NAME": "Jadestar",
        "DIRECTION": "Outbound",
        "IS_EXTERNAL_INTEGRATION": "FALSE",
        "INTEGRATION_TYPE": "CSV Export",
        "FROM_SYSTEM_ID": "1010",
        "FROM_SYSTEM_DESCRIPTION": "Jadestar",
        "TO_SYSTEM_ID": "1013",
        "TO_SYSTEM_DESCRIPTION": "DOCLearn",
        "INTEGRATION_SUMMARY": "Sills and Qualification",
        "IS_PAYMENT_GATEWAY": "",
        "CREATED_DATE": "",
        "UPDATED_DATE": ""
    },
    {
        "INTEGRATION_ID": "10103",
        "SYSTEM_ID": "1010",
        "SYSTEM_NAME": "Jadestar",
        "DIRECTION": "Outbound",
        "IS_EXTERNAL_INTEGRATION": "FALSE",
        "INTEGRATION_TYPE": "API",
        "FROM_SYSTEM_ID": "1010",
        "FROM_SYSTEM_DESCRIPTION": "Jadestar",
        "TO_SYSTEM_ID": "2002",
        "TO_SYSTEM_DESCRIPTION": "Active Directory",
        "INTEGRATION_SUMMARY": "Baic eemployee details incliding manager details",
        "IS_PAYMENT_GATEWAY": "",
        "CREATED_DATE": "",
        "UPDATED_DATE": ""
    },
    {
        "INTEGRATION_ID": "10104",
        "SYSTEM_ID": "1010",
        "SYSTEM_NAME": "Jadestar",
        "DIRECTION": "Outbound",
        "IS_EXTERNAL_INTEGRATION": "FALSE",
        "INTEGRATION_TYPE": "API",
        "FROM_SYSTEM_ID": "1010",
        "FROM_SYSTEM_DESCRIPTION": "Jadestar",
        "TO_SYSTEM_ID": "1003",
        "TO_SYSTEM_DESCRIPTION": "SAP S4HANA",
        "INTEGRATION_SUMMARY": "Employee details, Org structure & Payroll Journal",
        "IS_PAYMENT_GATEWAY": "",
        "CREATED_DATE": "",
        "UPDATED_DATE": ""
    },
    {
        "INTEGRATION_ID": "10105",
        "SYSTEM_ID": "1010",
        "SYSTEM_NAME": "Jadestar",
        "DIRECTION": "Inbound",
        "IS_EXTERNAL_INTEGRATION": "FALSE",
        "INTEGRATION_TYPE": "SFTP Feed",
        "FROM_SYSTEM_ID": "1003",
        "FROM_SYSTEM_DESCRIPTION": "SAP S4HANA",
        "TO_SYSTEM_ID": "1010",
        "TO_SYSTEM_DESCRIPTION": "Jadestar",
        "INTEGRATION_SUMMARY": "Cost Center & WBS injestion",
        "IS_PAYMENT_GATEWAY": "",
        "CREATED_DATE": "",
        "UPDATED_DATE": ""
    },
    {
        "INTEGRATION_ID": "10106",
        "SYSTEM_ID": "1010",
        "SYSTEM_NAME": "Jadestar",
        "DIRECTION": "Inbound",
        "IS_EXTERNAL_INTEGRATION": "FALSE",
        "INTEGRATION_TYPE": "SFTP Feed",
        "FROM_SYSTEM_ID": "1012",
        "FROM_SYSTEM_DESCRIPTION": "Timefiler",
        "TO_SYSTEM_ID": "1010",
        "TO_SYSTEM_DESCRIPTION": "Jadestar",
        "INTEGRATION_SUMMARY": "Pay period, Emp number, leave , Allowance, cost center details.",
        "IS_PAYMENT_GATEWAY": "",
        "CREATED_DATE": "",
        "UPDATED_DATE": ""
    },
    {
        "INTEGRATION_ID": "10107",
        "SYSTEM_ID": "1010",
        "SYSTEM_NAME": "Jadestar",
        "DIRECTION": "Outbound",
        "IS_EXTERNAL_INTEGRATION": "FALSE",
        "INTEGRATION_TYPE": "SFTP Feed",
        "FROM_SYSTEM_ID": "1010",
        "FROM_SYSTEM_DESCRIPTION": "Jadestar",
        "TO_SYSTEM_ID": "1012",
        "TO_SYSTEM_DESCRIPTION": "Timefiler",
        "INTEGRATION_SUMMARY": "Emplyess details, Contract, Occupance, Position & Leave.",
        "IS_PAYMENT_GATEWAY": "",
        "CREATED_DATE": "",
        "UPDATED_DATE": ""
    },
    {
        "INTEGRATION_ID": "10108",
        "SYSTEM_ID": "1010",
        "SYSTEM_NAME": "Jadestar",
        "DIRECTION": "Inbound",
        "IS_EXTERNAL_INTEGRATION": "FALSE",
        "INTEGRATION_TYPE": "SFTP Feed",
        "FROM_SYSTEM_ID": "1011",
        "FROM_SYSTEM_DESCRIPTION": "Springboard",
        "TO_SYSTEM_ID": "1010",
        "TO_SYSTEM_DESCRIPTION": "Jadestar",
        "INTEGRATION_SUMMARY": "Employee address, phone, personal details, emergency contact, Occupance, contact, position etc",
        "IS_PAYMENT_GATEWAY": "",
        "CREATED_DATE": "",
        "UPDATED_DATE": ""
    },
    {
        "INTEGRATION_ID": "10109",
        "SYSTEM_ID": "1010",
        "SYSTEM_NAME": "Jadestar",
        "DIRECTION": "Outbound",
        "IS_EXTERNAL_INTEGRATION": "FALSE",
        "INTEGRATION_TYPE": "SFTP Feed",
        "FROM_SYSTEM_ID": "1010",
        "FROM_SYSTEM_DESCRIPTION": "Jadestar",
        "TO_SYSTEM_ID": "1011",
        "TO_SYSTEM_DESCRIPTION": "Springboard",
        "INTEGRATION_SUMMARY": "HR Org structure & Position establishment.",
        "IS_PAYMENT_GATEWAY": "",
        "CREATED_DATE": "",
        "UPDATED_DATE": ""
    },
    {
        "INTEGRATION_ID": "10110",
        "SYSTEM_ID": "1010",
        "SYSTEM_NAME": "Jadestar",
        "DIRECTION": "Inbound",
        "IS_EXTERNAL_INTEGRATION": "FALSE",
        "INTEGRATION_TYPE": "API",
        "FROM_SYSTEM_ID": "1023",
        "FROM_SYSTEM_DESCRIPTION": "ServoceNow",
        "TO_SYSTEM_ID": "1010",
        "TO_SYSTEM_DESCRIPTION": "Jadestar",
        "INTEGRATION_SUMMARY": "Future State - TBA",
        "IS_PAYMENT_GATEWAY": "",
        "CREATED_DATE": "",
        "UPDATED_DATE": ""
    },
    {
        "INTEGRATION_ID": "10111",
        "SYSTEM_ID": "1010",
        "SYSTEM_NAME": "Jadestar",
        "DIRECTION": "Outbound",
        "IS_EXTERNAL_INTEGRATION": "FALSE",
        "INTEGRATION_TYPE": "API",
        "FROM_SYSTEM_ID": "1010",
        "FROM_SYSTEM_DESCRIPTION": "Jadestar",
        "TO_SYSTEM_ID": "1023",
        "TO_SYSTEM_DESCRIPTION": "ServoceNow",
        "INTEGRATION_SUMMARY": "Future State - TBA",
        "IS_PAYMENT_GATEWAY": "",
        "CREATED_DATE": "",
        "UPDATED_DATE": ""
    },
    {
        "INTEGRATION_ID": "10112",
        "SYSTEM_ID": "1010",
        "SYSTEM_NAME": "Jadestar",
        "DIRECTION": "Outbound",
        "IS_EXTERNAL_INTEGRATION": "FALSE",
        "INTEGRATION_TYPE": "API",
        "FROM_SYSTEM_ID": "1010",
        "FROM_SYSTEM_DESCRIPTION": "Jadestar",
        "TO_SYSTEM_ID": "1024",
        "TO_SYSTEM_DESCRIPTION": "DOC Intranet",
        "INTEGRATION_SUMMARY": "Future State - TBA",
        "IS_PAYMENT_GATEWAY": "",
        "CREATED_DATE": "",
        "UPDATED_DATE": ""
    },
    {
        "INTEGRATION_ID": "10113",
        "SYSTEM_ID": "1010",
        "SYSTEM_NAME": "Jadestar",
        "DIRECTION": "Outbound",
        "IS_EXTERNAL_INTEGRATION": "FALSE",
        "INTEGRATION_TYPE": "API",
        "FROM_SYSTEM_ID": "1010",
        "FROM_SYSTEM_DESCRIPTION": "Jadestar",
        "TO_SYSTEM_ID": "1026",
        "TO_SYSTEM_DESCRIPTION": "CommonDB",
        "INTEGRATION_SUMMARY": "Basic employee details, Position, CC, WBS and Manager details",
        "IS_PAYMENT_GATEWAY": "",
        "CREATED_DATE": "",
        "UPDATED_DATE": ""
    },
    {
        "INTEGRATION_ID": "10114",
        "SYSTEM_ID": "1010",
        "SYSTEM_NAME": "Jadestar",
        "DIRECTION": "Outbound",
        "IS_EXTERNAL_INTEGRATION": "FALSE",
        "INTEGRATION_TYPE": "API",
        "FROM_SYSTEM_ID": "1010",
        "FROM_SYSTEM_DESCRIPTION": "Jadestar",
        "TO_SYSTEM_ID": "1025",
        "TO_SYSTEM_DESCRIPTION": "Assyst",
        "INTEGRATION_SUMMARY": "User details, CC, Position, Org hierarchy",
        "IS_PAYMENT_GATEWAY": "",
        "CREATED_DATE": "",
        "UPDATED_DATE": ""
    },
    {
        "INTEGRATION_ID": "10121",
        "SYSTEM_ID": "1012",
        "SYSTEM_NAME": "TimeFiler",
        "DIRECTION": "Inbound",
        "IS_EXTERNAL_INTEGRATION": "FALSE",
        "INTEGRATION_TYPE": "SFTP Feed",
        "FROM_SYSTEM_ID": "1010",
        "FROM_SYSTEM_DESCRIPTION": "Jadestar",
        "TO_SYSTEM_ID": "1012",
        "TO_SYSTEM_DESCRIPTION": "TimeFiler",
        "INTEGRATION_SUMMARY": "Emplyess details, Contract, Occupance, Position & Leave.",
        "IS_PAYMENT_GATEWAY": "",
        "CREATED_DATE": "",
        "UPDATED_DATE": ""
    },
    {
        "INTEGRATION_ID": "10122",
        "SYSTEM_ID": "1012",
        "SYSTEM_NAME": "TimeFiler",
        "DIRECTION": "Outbound",
        "IS_EXTERNAL_INTEGRATION": "FALSE",
        "INTEGRATION_TYPE": "SFTP Feed",
        "FROM_SYSTEM_ID": "1012",
        "FROM_SYSTEM_DESCRIPTION": "TimeFiler",
        "TO_SYSTEM_ID": "1010",
        "TO_SYSTEM_DESCRIPTION": "Jadestar",
        "INTEGRATION_SUMMARY": "Pay period, Emp number, leave , Allowance, cost center details.",
        "IS_PAYMENT_GATEWAY": "",
        "CREATED_DATE": "",
        "UPDATED_DATE": ""
    },
    {
        "INTEGRATION_ID": "10131",
        "SYSTEM_ID": "1013",
        "SYSTEM_NAME": "DOCLearn",
        "DIRECTION": "Outbound",
        "IS_EXTERNAL_INTEGRATION": "FALSE",
        "INTEGRATION_TYPE": "CSV Export",
        "FROM_SYSTEM_ID": "1013",
        "FROM_SYSTEM_DESCRIPTION": "DOCLearn",
        "TO_SYSTEM_ID": "1010",
        "TO_SYSTEM_DESCRIPTION": "Jadestar",
        "INTEGRATION_SUMMARY": "Sills and Qualification",
        "IS_PAYMENT_GATEWAY": "",
        "CREATED_DATE": "",
        "UPDATED_DATE": ""
    },
    {
        "INTEGRATION_ID": "10111",
        "SYSTEM_ID": "1011",
        "SYSTEM_NAME": "Springboard",
        "DIRECTION": "Inbound",
        "IS_EXTERNAL_INTEGRATION": "FALSE",
        "INTEGRATION_TYPE": "SFTP Feed",
        "FROM_SYSTEM_ID": "1011",
        "FROM_SYSTEM_DESCRIPTION": "Jadestar",
        "TO_SYSTEM_ID": "1010",
        "TO_SYSTEM_DESCRIPTION": "Springboard",
        "INTEGRATION_SUMMARY": "HR Org structure & Position establishment.",
        "IS_PAYMENT_GATEWAY": "",
        "CREATED_DATE": "",
        "UPDATED_DATE": ""
    },
    {
        "INTEGRATION_ID": "10112",
        "SYSTEM_ID": "1011",
        "SYSTEM_NAME": "Springboard",
        "DIRECTION": "Outbound",
        "IS_EXTERNAL_INTEGRATION": "FALSE",
        "INTEGRATION_TYPE": "SFTP Feed",
        "FROM_SYSTEM_ID": "1010",
        "FROM_SYSTEM_DESCRIPTION": "Springboard",
        "TO_SYSTEM_ID": "1011",
        "TO_SYSTEM_DESCRIPTION": "Jadestar",
        "INTEGRATION_SUMMARY": "Employee address, phone, personal details, emergency contact, Occupance, contact, position etc",
        "IS_PAYMENT_GATEWAY": "",
        "CREATED_DATE": "",
        "UPDATED_DATE": ""
    },
    {
        "INTEGRATION_ID": "10161",
        "SYSTEM_ID": "1016",
        "SYSTEM_NAME": "DocFlow",
        "DIRECTION": "Outbound",
        "IS_EXTERNAL_INTEGRATION": "TRUE",
        "INTEGRATION_TYPE": "API",
        "FROM_SYSTEM_ID": "1016",
        "FROM_SYSTEM_DESCRIPTION": "DocFlow",
        "TO_SYSTEM_ID": "EXT",
        "TO_SYSTEM_DESCRIPTION": "ANZ eGate",
        "INTEGRATION_SUMMARY": "Infringement payment details obtained from objective payment portal",
        "IS_PAYMENT_GATEWAY": "TRUE",
        "CREATED_DATE": "",
        "UPDATED_DATE": ""
    },
    {
        "INTEGRATION_ID": "10162",
        "SYSTEM_ID": "1016",
        "SYSTEM_NAME": "DocFlow",
        "DIRECTION": "Inbound",
        "IS_EXTERNAL_INTEGRATION": "TRUE",
        "INTEGRATION_TYPE": "API",
        "FROM_SYSTEM_ID": "EXT",
        "FROM_SYSTEM_DESCRIPTION": "ANZ eGate",
        "TO_SYSTEM_ID": "1016",
        "TO_SYSTEM_DESCRIPTION": "DocFlow",
        "INTEGRATION_SUMMARY": "Infringement payment acknowledgement response from ANZ eGate",
        "IS_PAYMENT_GATEWAY": "TRUE",
        "CREATED_DATE": "",
        "UPDATED_DATE": ""
    },
    {
        "INTEGRATION_ID": "10163",
        "SYSTEM_ID": "1016",
        "SYSTEM_NAME": "DocFlow",
        "DIRECTION": "Outbound",
        "IS_EXTERNAL_INTEGRATION": "FALSE",
        "INTEGRATION_TYPE": "API",
        "FROM_SYSTEM_ID": "1016",
        "FROM_SYSTEM_DESCRIPTION": "DocFlow",
        "TO_SYSTEM_ID": "2004",
        "TO_SYSTEM_DESCRIPTION": "DocCM",
        "INTEGRATION_SUMMARY": "Ingest infringements and OIA related documents into DocCM",
        "IS_PAYMENT_GATEWAY": "",
        "CREATED_DATE": "",
        "UPDATED_DATE": ""
    },
    {
        "INTEGRATION_ID": "10164",
        "SYSTEM_ID": "1016",
        "SYSTEM_NAME": "DocFlow",
        "DIRECTION": "Inbound",
        "IS_EXTERNAL_INTEGRATION": "FALSE",
        "INTEGRATION_TYPE": "API",
        "FROM_SYSTEM_ID": "2004",
        "FROM_SYSTEM_DESCRIPTION": "DocCM",
        "TO_SYSTEM_ID": "1016",
        "TO_SYSTEM_DESCRIPTION": "DocFlow",
        "INTEGRATION_SUMMARY": "Read and display documents from DocCM relating to OIA and Infringements.",
        "IS_PAYMENT_GATEWAY": "",
        "CREATED_DATE": "",
        "UPDATED_DATE": ""
    },
    {
        "INTEGRATION_ID": "10165",
        "SYSTEM_ID": "1016",
        "SYSTEM_NAME": "DocFlow",
        "DIRECTION": "Outbound",
        "IS_EXTERNAL_INTEGRATION": "FALSE",
        "INTEGRATION_TYPE": "API",
        "FROM_SYSTEM_ID": "1016",
        "FROM_SYSTEM_DESCRIPTION": "DocFlow",
        "TO_SYSTEM_ID": "1027",
        "TO_SYSTEM_DESCRIPTION": "CLE Mobile",
        "INTEGRATION_SUMMARY": "Native DocFlow to CLE Mobile Objective integration",
        "IS_PAYMENT_GATEWAY": "",
        "CREATED_DATE": "",
        "UPDATED_DATE": ""
    },
    {
        "INTEGRATION_ID": "10166",
        "SYSTEM_ID": "1016",
        "SYSTEM_NAME": "DocFlow",
        "DIRECTION": "Inbound",
        "IS_EXTERNAL_INTEGRATION": "FALSE",
        "INTEGRATION_TYPE": "API",
        "FROM_SYSTEM_ID": "1027",
        "FROM_SYSTEM_DESCRIPTION": "CLE Mobile",
        "TO_SYSTEM_ID": "1016",
        "TO_SYSTEM_DESCRIPTION": "DocFlow",
        "INTEGRATION_SUMMARY": "Native DocFlow to CLE Mobile Objective integration",
        "IS_PAYMENT_GATEWAY": "",
        "CREATED_DATE": "",
        "UPDATED_DATE": ""
    },
    {
        "INTEGRATION_ID": "10167",
        "SYSTEM_ID": "1016",
        "SYSTEM_NAME": "DocFlow",
        "DIRECTION": "Outbound",
        "IS_EXTERNAL_INTEGRATION": "FALSE",
        "INTEGRATION_TYPE": "API",
        "FROM_SYSTEM_ID": "1016",
        "FROM_SYSTEM_DESCRIPTION": "DocFlow",
        "TO_SYSTEM_ID": "1028",
        "TO_SYSTEM_DESCRIPTION": "MyCLE",
        "INTEGRATION_SUMMARY": "DocFlow to MyCLE integration including use of DocCM API to notify infringements.",
        "IS_PAYMENT_GATEWAY": "",
        "CREATED_DATE": "",
        "UPDATED_DATE": ""
    },
    {
        "INTEGRATION_ID": "10168",
        "SYSTEM_ID": "1016",
        "SYSTEM_NAME": "DocFlow",
        "DIRECTION": "Inbound",
        "IS_EXTERNAL_INTEGRATION": "FALSE",
        "INTEGRATION_TYPE": "API",
        "FROM_SYSTEM_ID": "1028",
        "FROM_SYSTEM_DESCRIPTION": "MyCLE",
        "TO_SYSTEM_ID": "1016",
        "TO_SYSTEM_DESCRIPTION": "DocFlow",
        "INTEGRATION_SUMMARY": "DocFlow to MyCLE integration to acknowledge recording of infringements.",
        "IS_PAYMENT_GATEWAY": "",
        "CREATED_DATE": "",
        "UPDATED_DATE": ""
    },
    {
        "INTEGRATION_ID": "10191",
        "SYSTEM_ID": "1019",
        "SYSTEM_NAME": "Booking Services",
        "DIRECTION": "Outbound",
        "IS_EXTERNAL_INTEGRATION": "TRUE",
        "INTEGRATION_TYPE": "API",
        "FROM_SYSTEM_ID": "1019",
        "FROM_SYSTEM_DESCRIPTION": "Booking Services",
        "TO_SYSTEM_ID": "EXT",
        "TO_SYSTEM_DESCRIPTION": "ANZ eGate",
        "INTEGRATION_SUMMARY": "Payment portal for customer to make payments.",
        "IS_PAYMENT_GATEWAY": "TRUE",
        "CREATED_DATE": "",
        "UPDATED_DATE": ""
    },
    {
        "INTEGRATION_ID": "10192",
        "SYSTEM_ID": "1019",
        "SYSTEM_NAME": "Booking Services",
        "DIRECTION": "Inbound",
        "IS_EXTERNAL_INTEGRATION": "TRUE",
        "INTEGRATION_TYPE": "API",
        "FROM_SYSTEM_ID": "EXT",
        "FROM_SYSTEM_DESCRIPTION": "ANZ eGate",
        "TO_SYSTEM_ID": "1019",
        "TO_SYSTEM_DESCRIPTION": "Booking Services",
        "INTEGRATION_SUMMARY": "Payment acknowledgement response from ANZ eGate",
        "IS_PAYMENT_GATEWAY": "TRUE",
        "CREATED_DATE": "",
        "UPDATED_DATE": ""
    },
    {
        "INTEGRATION_ID": "10193",
        "SYSTEM_ID": "1019",
        "SYSTEM_NAME": "Booking Services",
        "DIRECTION": "Inbound",
        "IS_EXTERNAL_INTEGRATION": "TRUE",
        "INTEGRATION_TYPE": "API",
        "FROM_SYSTEM_ID": "EXT",
        "FROM_SYSTEM_DESCRIPTION": "Tableau Reporting",
        "TO_SYSTEM_ID": "1019",
        "TO_SYSTEM_DESCRIPTION": "Booking Services",
        "INTEGRATION_SUMMARY": "Run reports directly from the booking services data source.",
        "IS_PAYMENT_GATEWAY": "",
        "CREATED_DATE": "",
        "UPDATED_DATE": ""
    },
    {
        "INTEGRATION_ID": "10194",
        "SYSTEM_ID": "1019",
        "SYSTEM_NAME": "Booking Services",
        "DIRECTION": "Inbound",
        "IS_EXTERNAL_INTEGRATION": "TRUE",
        "INTEGRATION_TYPE": "API",
        "FROM_SYSTEM_ID": "EXT",
        "FROM_SYSTEM_DESCRIPTION": "Google Address Lookup",
        "TO_SYSTEM_ID": "1019",
        "TO_SYSTEM_DESCRIPTION": "Booking Services",
        "INTEGRATION_SUMMARY": "Address lookup for the booking services portal",
        "IS_PAYMENT_GATEWAY": "",
        "CREATED_DATE": "",
        "UPDATED_DATE": ""
    },
    {
        "INTEGRATION_ID": "10195",
        "SYSTEM_ID": "1019",
        "SYSTEM_NAME": "Booking Services",
        "DIRECTION": "Inbound",
        "IS_EXTERNAL_INTEGRATION": "TRUE",
        "INTEGRATION_TYPE": "API",
        "FROM_SYSTEM_ID": "EXT",
        "FROM_SYSTEM_DESCRIPTION": "Google Analytics",
        "TO_SYSTEM_ID": "1019",
        "TO_SYSTEM_DESCRIPTION": "Booking Services",
        "INTEGRATION_SUMMARY": "Web traffic analysis",
        "IS_PAYMENT_GATEWAY": "",
        "CREATED_DATE": "",
        "UPDATED_DATE": ""
    },
    {
        "INTEGRATION_ID": "10196",
        "SYSTEM_ID": "1019",
        "SYSTEM_NAME": "Booking Services",
        "DIRECTION": "Outbound",
        "IS_EXTERNAL_INTEGRATION": "TRUE",
        "INTEGRATION_TYPE": "SFTP Feed",
        "FROM_SYSTEM_ID": "1019",
        "FROM_SYSTEM_DESCRIPTION": "Booking Services",
        "TO_SYSTEM_ID": "EXT",
        "TO_SYSTEM_DESCRIPTION": "SendGrid",
        "INTEGRATION_SUMMARY": "Auto email functionality for booking and payment confirmation.",
        "IS_PAYMENT_GATEWAY": "TRUE",
        "CREATED_DATE": "",
        "UPDATED_DATE": ""
    },
    {
        "INTEGRATION_ID": "10221",
        "SYSTEM_ID": "1022",
        "SYSTEM_NAME": "Risk Manager",
        "DIRECTION": "Inbound",
        "IS_EXTERNAL_INTEGRATION": "TRUE",
        "INTEGRATION_TYPE": "API",
        "FROM_SYSTEM_ID": "1010",
        "FROM_SYSTEM_DESCRIPTION": "Jadestar",
        "TO_SYSTEM_ID": "1022",
        "TO_SYSTEM_DESCRIPTION": "Risk Manager",
        "INTEGRATION_SUMMARY": "Employee Position and Manager details.",
        "IS_PAYMENT_GATEWAY": "",
        "CREATED_DATE": "",
        "UPDATED_DATE": ""
    }
]